Time (sec),Rate Î¼cal/sec
20,-0.01985562959872671
21,-0.018742728486739663
22,-0.01762982737475262
23,-0.01651692626276557
24,-0.015404025150778527
25,-0.0148749311335921
26,-0.014700626637040115
27,-0.014526322140488135
28,-0.014352017643936149
29,-0.014177713147384165
30,-0.014003408650832182
31,-0.01362005034813041
32,-0.013057170003716354
33,-0.012494289659302297
34,-0.011931409314888243
35,-0.011368528970474183
36,-0.010805648626060128
37,-0.01012681436760214
38,-0.009305108322197164
39,-0.00848340227679219
40,-0.007661696231387218
41,-0.006839990185982243
42,-0.00601828414057727
43,-0.005405953533898586
44,-0.00516909508270112
45,-0.004932236631503654
46,-0.004695378180306186
47,-0.00445851972910872
48,-0.004221661277911254
49,-0.004060128499617196
50,-0.0040981812633956735
51,-0.004136234027174152
52,-0.00417428679095263
53,-0.004212339554731108
54,-0.004250392318509585
55,-0.004244199911340015
56,-0.004041789789531273
57,-0.0038393796677225313
58,-0.0036369695459137893
59,-0.003434559424105047
60,-0.003232149302296305
61,-0.0030587028814659987
62,-0.0031459297694416324
63,-0.0032331566574172665
64,-0.0033203835453929006
65,-0.003407610433368535
66,-0.003494837321344169
67,-0.0035799159169198993
68,-0.003452313564905608
69,-0.0033247112128913163
70,-0.0031971088608770248
71,-0.003069506508862733
72,-0.002941904156848441
73,-0.0028143018048341494
74,-0.002766026019497621
75,-0.0027240895062282133
76,-0.0026821529929588047
77,-0.0026402164796893966
78,-0.0025982799664199885
79,-0.0025563434531505804
80,-0.002585400843424045
81,-0.0026283852674068783
82,-0.0026713696913897122
83,-0.0027143541153725457
84,-0.002757338539355379
85,-0.0028003229633382126
86,-0.0028138362147707274
87,-0.00281731504552257
88,-0.0028207938762744127
89,-0.002824272707026255
90,-0.0028277515377780975
91,-0.00283123036852994
92,-0.0027433485968157197
93,-0.0026088204752019164
94,-0.0024742923535881127
95,-0.002339764231974309
96,-0.002205236110360505
97,-0.0020707079887467015
98,-0.002017127468929052
99,-0.002024116133672161
100,-0.0020311047984152694
101,-0.002038093463158378
102,-0.002045082127901487
103,-0.002052070792644596
104,-0.0020930251236324767
105,-0.002169615563467333
106,-0.0022462060033021885
107,-0.0023227964431370442
108,-0.0023993868829719003
109,-0.002475977322806756
110,-0.002476889725799509
111,-0.002363334344423037
112,-0.002249778963046564
113,-0.002136223581670091
114,-0.0020226682002936185
115,-0.001909112818917146
116,-0.00179152630451493
117,-0.0016648828288990311
118,-0.001538239353283132
119,-0.001411595877667233
120,-0.001284952402051334
121,-0.0011583089264354351
122,-0.00106989478579762
123,-0.0011139179841910321
124,-0.0011579411825844443
125,-0.0012019643809778563
126,-0.0012459875793712682
127,-0.0012900107777646804
128,-0.0013258964943060668
129,-0.0013091922161918043
130,-0.0012924879380775418
131,-0.0012757836599632795
132,-0.001259079381849017
133,-0.0012423751037347545
134,-0.0012242648477495681
135,-0.0011794410122168049
136,-0.0011346171766840416
137,-0.0010897933411512784
138,-0.0010449695056185151
139,-0.0010001456700857519
140,-0.0009553218345529885
141,-0.0009256094420153397
142,-0.0008965266929358211
143,-0.0008674439438563023
144,-0.0008383611947767836
145,-0.0008092784456972649
146,-0.0007801956966177461
147,-0.000748210739024072
148,-0.0007158149665265675
149,-0.000683419194029063
150,-0.0006510234215315585
151,-0.000618627649034054
152,-0.0005862318765365495
153,-0.0004991572407671267
154,-0.00039719548446311045
155,-0.0002952337281590942
156,-0.00019327197185507806
157,-9.131021555106179e-05
158,1.0651540752954345e-05
159,-2.9895206140262673e-06
160,-6.712376671087494e-05
161,-0.00013125801280772361
162,-0.0001953922589045723
163,-0.000259526505001421
164,-0.00032366075109826965
165,-0.00036093269521104043
166,-0.0003811742910071057
167,-0.000401415886803171
168,-0.00042165748259923627
169,-0.0004418990783953016
170,-0.00046214067419136695
171,-0.0004378321614565408
172,-0.0003727287217528128
173,-0.0003076252820490848
174,-0.0002425218423453568
175,-0.0001774184026416288
200,-0.019654880869087527
201,-0.016145349417086157
202,-0.01601561593459444
203,-0.015885882452102727
204,-0.01575614896961101
205,-0.015626415487119294
206,-0.015496682004627579
207,-0.014415986961165585
208,-0.014924758396975062
209,-0.014482568271814265
210,-0.014040378146653463
211,-0.013598188021492662
212,-0.013155997896331866
213,-0.012713807771171063
214,-0.01189320801687703
215,-0.011035183134426951
216,-0.01017715825197687
217,-0.00931913336952679
218,-0.008461108487076709
219,-0.0076030836046266275
220,-0.006987583858649117
221,-0.006423172942872862
222,-0.005858762027096609
223,-0.005294351111320355
224,-0.004729940195544099
225,-0.004165529279767846
226,-0.004033909525941302
227,-0.004057530080205422
228,-0.004081150634469543
229,-0.004104771188733665
230,-0.004128391742997785
231,-0.004152012297261906
232,-0.004201717025808162
233,-0.004265343982345496
234,-0.0043289709388828305
235,-0.004392597895420165
236,-0.004456224851957499
237,-0.004519851808494834
238,-0.004450841801926643
239,-0.004278459927315335
240,-0.004106078052704028
241,-0.003933696178092721
242,-0.003761314303481413
243,-0.003588932428870106
244,-0.0035001960761399
245,-0.003505029290259748
246,-0.0035098625043795957
247,-0.0035146957184994426
248,-0.0035195289326192905
249,-0.0035243621467391383
250,-0.0034810460560421087
251,-0.003361783123726699
252,-0.0032425201914112888
253,-0.0031232572590958792
254,-0.0030039943267804697
255,-0.0028847313944650593
256,-0.0028209764453234255
257,-0.002887981912920013
258,-0.0029549873805166005
259,-0.003021992848113188
260,-0.003088998315709775
261,-0.0031560037833063626
262,-0.003191778713283705
263,-0.0031128470892015756
264,-0.0030339154651194463
265,-0.002954983841037317
266,-0.0028760522169551882
267,-0.002797120592873059
268,-0.002726217883153769
269,-0.002712035568449392
270,-0.002697853253745015
271,-0.0026836709390406378
272,-0.0026694886243362613
273,-0.0026553063096318844
274,-0.0026419168598531785
275,-0.0026510541017861853
276,-0.002660191343719192
277,-0.002669328585652199
278,-0.0026784658275852058
279,-0.002687603069518212
280,-0.002696740311451219
281,-0.002650255468529634
282,-0.0026008431474578075
283,-0.00255143082638598
284,-0.002502018505314153
285,-0.002452606184242326
286,-0.0024031938631704983
287,-0.0023622469350144484
288,-0.002322678094077246
289,-0.002283109253140043
290,-0.00224354041220284
291,-0.002203971571265637
292,-0.0021644027303284346
293,-0.0021298064136035704
294,-0.002096645464692578
295,-0.002063484515781586
296,-0.002030323566870593
297,-0.0019971626179596004
298,-0.001964001669048608
299,-0.001922093504812044
300,-0.0018761815131524049
301,-0.0018302695214927659
302,-0.001784357529833127
303,-0.0017384455381734875
304,-0.0016925335465138485
305,-0.001628810712781105
306,-0.001553312604720959
307,-0.0014778144966608126
308,-0.0014023163886006664
309,-0.0013268182805405205
310,-0.0012513201724803744
311,-0.0012025138973171677
312,-0.0011791482753838564
313,-0.0011557826534505451
314,-0.0011324170315172338
315,-0.0011090514095839226
316,-0.0010856857876506113
317,-0.001065016941853138
318,-0.0010480417846966937
319,-0.0010310666275402493
320,-0.001014091470383805
321,-0.0009971163132273606
322,-0.0009801411560709163
323,-0.0009622146314333496
324,-0.0009424247775871942
325,-0.0009226349237410387
326,-0.0009028450698948834
327,-0.0008830552160487281
328,-0.0008632653622025727
329,-0.0008320906819024632
330,-0.0007663942697742225
331,-0.0007006978576459817
332,-0.000635001445517741
333,-0.0005693050333895004
334,-0.0005036086212612596
335,-0.0004518199234317079
336,-0.0004709266472711187
337,-0.0004900333711105294
338,-0.0005091400949499402
339,-0.000528246818789351
340,-0.0005473535426287618
341,-0.0005587772077452903
342,-0.00047405881370785204
343,-0.00038934041967041377
344,-0.0003046220256329755
345,-0.00021990363159553726
346,-0.00013518523755809902
347,-5.046684352066076e-05
348,3.492936027937829e-05
349,0.00012033241064267591
350,0.00020573546100597354
351,0.0002911385113692712
352,0.00037654156173256876
353,0.0004619446120958664
354,0.00043874857452564785
355,0.0004034859716294801
380,-0.023169209972916834
381,-0.020583864298450775
382,-0.01799851862398471
383,-0.015413172949518649
384,-0.013905005786579171
385,-0.013651215331867101
386,-0.01339742487715503
387,-0.01314363442244296
388,-0.012889843967730892
389,-0.01263605351301882
390,-0.01231288479644398
391,-0.011872593637799711
392,-0.011432302479155441
393,-0.010992011320511173
394,-0.010551720161866904
395,-0.010111429003222636
396,-0.009615456780105275
397,-0.008981828592040558
398,-0.008348200403975842
399,-0.007714572215911125
400,-0.007080944027846408
401,-0.006447315839781692
402,-0.0058606699685192385
403,-0.005464326208748809
404,-0.005067982448978378
405,-0.004671638689207949
406,-0.004275294929437519
407,-0.003878951169667089
408,-0.003544327055519358
409,-0.0036893836959478936
410,-0.0038344403363764295
411,-0.003979496976804964
412,-0.0041245536172335
413,-0.004269610257662035
414,-0.004403883873178829
415,-0.004099647808951477
416,-0.003795411744724124
417,-0.003491175680496772
418,-0.00318693961626942
419,-0.002882703552042068
420,-0.002578467487814715
421,-0.0026451348246033144
422,-0.0027354768465631214
423,-0.002825818868522929
424,-0.0029161608904827363
425,-0.003006502912442543
426,-0.0030968449344023503
427,-0.0031995051681707677
428,-0.003303845158094904
429,-0.003408185148019041
430,-0.0035125251379431776
431,-0.0036168651278673143
432,-0.0037212051177914515
433,-0.003655435673558227
434,-0.003535947460643728
435,-0.003416459247729229
436,-0.00329697103481473
437,-0.0031774828219002316
438,-0.0030579946089857326
439,-0.003014423494062911
440,-0.0030033882782793723
441,-0.002992353062495834
442,-0.002981317846712296
443,-0.0029702826309287575
444,-0.002959247415145219
445,-0.0029427857029581278
446,-0.0029223944588926015
447,-0.0029020032148270748
448,-0.002881611970761548
449,-0.002861220726696021
450,-0.0028408294826304946
451,-0.0028002673317661965
452,-0.0027410858823184157
453,-0.002681904432870635
454,-0.002622722983422854
455,-0.0025635415339750733
456,-0.0025043600845272925
457,-0.0024222831902266178
458,-0.0023058631286466008
459,-0.0021894430670665837
460,-0.0020730230054865663
461,-0.0019566029439065493
462,-0.001840182882326532
463,-0.00178788972878454
464,-0.001860078220257584
465,-0.0019322667117306282
466,-0.002004455203203672
467,-0.002076643694676716
468,-0.00214883218614976
469,-0.002210311001929557
470,-0.0022338191493423963
471,-0.0022573272967552358
472,-0.002280835444168075
473,-0.002304343591580914
474,-0.0023278517389937535
475,-0.0023329853111567207
476,-0.002241652363257837
477,-0.0021503194153589538
478,-0.0020589864674600703
479,-0.001967653519561187
480,-0.0018763205716623033
481,-0.0017852911398212093
482,-0.0017015460933670701
483,-0.0016178010469129307
484,-0.0015340560004587916
485,-0.0014503109540046524
486,-0.0013665659075505132
487,-0.001282820861096374
488,-0.0012940919712734983
489,-0.0013073021866879936
490,-0.001320512402102489
491,-0.001333722617516984
492,-0.0013469328329314793
493,-0.0013601430483459746
494,-0.0013634404361928475
495,-0.0013651241079240615
496,-0.0013668077796552753
497,-0.001368491451386489
498,-0.0013701751231177028
499,-0.0013718587948489168
500,-0.0013422907257611598
501,-0.0013049097214686586
502,-0.0012675287171761572
503,-0.0012301477128836558
504,-0.0011927667085911543
505,-0.001155385704298653
506,-0.0011018571468064033
507,-0.0010426551246764042
508,-0.0009834531025464052
509,-0.000924251080416406
510,-0.000865049058286407
511,-0.0008058470361564079
512,-0.0007662618997194463
513,-0.0007387000158040234
514,-0.0007111381318886005
515,-0.0006835762479731776
516,-0.0006560143640577548
517,-0.0006284524801423319
518,-0.0006102477867766956
519,-0.0005993951717001755
520,-0.0005885425566236556
521,-0.0005776899415471357
522,-0.0005668373264706157
523,-0.0005559847113940957
524,-0.0005413832329275755
525,-0.0005220104737828742
526,-0.000502637714638173
527,-0.0004832649554934718
528,-0.0004638921963487705
529,-0.0004445194372040692
530,-0.00043666751250274067
531,-0.00044761273873533637
532,-0.00045855796496793196
533,-0.00046950319120052765
534,-0.00048044841743312324
535,-0.0004913936436657189
560,-0.014584257675427589
561,-0.014360755102347987
562,-0.014222804822172185
563,-0.014084854541996384
564,-0.013946904261820582
565,-0.01380895398164478
566,-0.013671003701468978
567,-0.01335340649360582
568,-0.013001590823326031
569,-0.01264977515304624
570,-0.012297959482766452
571,-0.011946143812486662
572,-0.011594328142206876
573,-0.0110532035557358
574,-0.010458684146749261
575,-0.009864164737762724
576,-0.009269645328776187
577,-0.00867512591978965
578,-0.00808060651080311
579,-0.007518419502531532
580,-0.006972888579476755
581,-0.006427357656421978
582,-0.005881826733367201
583,-0.005336295810312424
584,-0.004790764887257647
585,-0.0044130403641336035
586,-0.004147186774296756
587,-0.003881333184459909
588,-0.0036154795946230617
589,-0.0033496260047862145
590,-0.0030837724149493677
591,-0.00302577451305691
592,-0.003192953606437628
593,-0.0033601326998183457
594,-0.0035273117931990633
595,-0.0036944908865797813
596,-0.0038616699799604993
597,-0.0039113254765074665
598,-0.003798686482188752
599,-0.0036860474878700374
600,-0.0035734084935513223
601,-0.0034607694992326078
602,-0.0033481305049138936
603,-0.0032852390284077463
604,-0.0033384250934642835
605,-0.0033916111585208203
606,-0.0034447972235773575
607,-0.003497983288633894
608,-0.0035511693536904314
609,-0.0035482197580496296
610,-0.003367507236867265
611,-0.0031867947156849004
612,-0.0030060821945025362
613,-0.0028253696733201716
614,-0.0026446571521378075
615,-0.0024898126261985493
616,-0.0025246667320420603
617,-0.0025595208378855713
618,-0.002594374943729082
619,-0.002629229049572593
620,-0.002664083155416104
621,-0.0026983548554696327
622,-0.002723502198146771
623,-0.002748649540823909
624,-0.002773796883501047
625,-0.002798944226178185
626,-0.0028240915688553226
627,-0.0028492389115324607
628,-0.0027781519956991923
629,-0.002700922467620572
630,-0.002623692939541952
631,-0.002546463411463332
632,-0.0024692338833847117
633,-0.0023920043553060924
634,-0.0023714270239531747
635,-0.002358574992153762
636,-0.0023457229603543496
637,-0.0023328709285549373
638,-0.002320018896755525
639,-0.002307166864956112
640,-0.0022665036874958025
641,-0.0022170580429846827
642,-0.002167612398473563
643,-0.0021181667539624427
644,-0.002068721109451323
645,-0.002019275464940203
646,-0.0020012782176355164
647,-0.0019967588548478695
648,-0.0019922394920602222
649,-0.0019877201292725754
650,-0.0019832007664849285
651,-0.0019786814036972817
652,-0.0019639107591037687
653,-0.0019433737684944553
654,-0.0019228367778851422
655,-0.001902299787275829
656,-0.0018817627966665157
657,-0.0018612258060572025
658,-0.0018433374113376885
659,-0.0018278938743626048
660,-0.0018124503373875215
661,-0.0017970068004124378
662,-0.001781563263437354
663,-0.0017661197264622706
664,-0.0017133469394818718
665,-0.001616752859016979
666,-0.001520158778552086
667,-0.0014235646980871935
668,-0.0013269706176223008
669,-0.0012303765371574078
670,-0.0011636782533678799
671,-0.0011550129866540516
672,-0.0011463477199402234
673,-0.0011376824532263953
674,-0.0011290171865125673
675,-0.001120351919798739
676,-0.001104139994884775
677,-0.0010685223774561732
678,-0.0010329047600275713
679,-0.0009972871425989694
680,-0.0009616695251703678
681,-0.000926051907741766
682,-0.0008874847283956922
683,-0.0008334323489829008
684,-0.0007793799695701094
685,-0.000725327590157318
686,-0.0006712752107445265
687,-0.0006172228313317351
688,-0.0005713536395192871
689,-0.00059913313610991
690,-0.0006269126327005329
691,-0.0006546921292911559
692,-0.0006824716258817789
693,-0.0007102511224724019
694,-0.0007380306190630248
695,-0.0007282070932685897
696,-0.0007176161588540521
697,-0.0007070252244395145
698,-0.0006964342900249769
699,-0.0006858433556104393
700,-0.0006752524211959016
701,-0.0006136797435965944
702,-0.0005476738709377461
703,-0.000481667998278898
704,-0.0004156621256200498
705,-0.00034965625296120163
706,-0.00028365038030235345
707,-0.0002374403305618086
708,-0.00019617923655084092
709,-0.00015491814253987323
710,-0.00011365704852890556
711,-7.239595451793789e-05
712,-3.11348605069702e-05
713,-7.128327604241286e-05
714,-0.00014003503276983613
715,-0.00020878678949725943
740,-0.018891650886629394
741,-0.0169900105641017
742,-0.015088370241574006
743,-0.013763778480194666
744,-0.013665414911255934
745,-0.013567051342317202
746,-0.013468687773378472
747,-0.01337032420443974
748,-0.01327196063550101
749,-0.013110585863318217
750,-0.012697166278159075
751,-0.01228374669299993
752,-0.011870327107840788
753,-0.011456907522681645
754,-0.0110434879375225
755,-0.010585383531889942
756,-0.009852786657634937
757,-0.009120189783379933
758,-0.008387592909124927
759,-0.007654996034869923
760,-0.006922399160614918
761,-0.006194517589566463
762,-0.00569768587563917
763,-0.005200854161711875
764,-0.004704022447784581
765,-0.004207190733857286
766,-0.0037103590199299924
767,-0.0032135273060026983
768,-0.0032821918896810904
769,-0.0033744188190930305
770,-0.003466645748504971
771,-0.0035588726779169112
772,-0.0036510996073288514
773,-0.0037433265367407915
774,-0.003720406674623053
775,-0.0036755540903091904
776,-0.0036307015059953273
777,-0.003585848921681464
778,-0.003540996337367602
779,-0.003496143753053739
780,-0.0033740532702963896
781,-0.0032301777392601044
782,-0.0030863022082238192
783,-0.0029424266771875345
784,-0.0027985511461512493
785,-0.0026546756151149646
786,-0.0026574062198819835
787,-0.0027356611976385938
788,-0.002813916175395205
789,-0.0028921711531518153
790,-0.0029704261309084256
791,-0.0030486811086650363
792,-0.003033450848744791
793,-0.0029558970970399805
794,-0.0028783433453351704
795,-0.0028007895936303594
796,-0.0027232358419255493
797,-0.0026456820902207388
798,-0.0026244802748287745
799,-0.0026512819607403316
800,-0.002678083646651889
801,-0.002704885332563446
802,-0.0027316870184750028
803,-0.00275848870438656
804,-0.0027476675200237624
805,-0.0026848909433773473
806,-0.0026221143667309317
807,-0.002559337790084517
808,-0.0024965612134381014
809,-0.0024337846367916863
810,-0.0024014902794072574
811,-0.0024233865340441076
812,-0.002445282788680958
813,-0.002467179043317808
814,-0.002489075297954658
815,-0.0025109715525915084
816,-0.0025233413597456223
817,-0.0025055440832044253
818,-0.002487746806663228
819,-0.002469949530122031
820,-0.0024521522535808343
821,-0.002434354977039637
822,-0.0024161757696308404
823,-0.002396256654936316
824,-0.002376337540241791
825,-0.0023564184255472666
826,-0.0023364993108527417
827,-0.002316580196158217
828,-0.002296956642343259
829,-0.0022819635423081885
830,-0.0022669704422731175
831,-0.002251977342238047
832,-0.002236984242202977
833,-0.002221991142167906
834,-0.0019671076484207082
835,-0.0021132212917975616
836,-0.0020194445414622878
837,-0.0019256677911270138
838,-0.00183189104079174
839,-0.0017381142904564662
840,-0.0016443375401211924
841,-0.0015720500405774147
842,-0.0015026928934142986
843,-0.0014333357462511822
844,-0.0013639785990880661
845,-0.00129462145192495
846,-0.001225264304761834
847,-0.001204475770107237
848,-0.0011943486381984177
849,-0.0011842215062895982
850,-0.0011740943743807786
851,-0.0011639672424719595
852,-0.00115384011056314
853,-0.0011653611638050975
854,-0.0011861600106831004
855,-0.0012069588575611032
856,-0.0012277577044391063
857,-0.0012485565513171092
858,-0.001269355398195112
859,-0.0012138747961478187
860,-0.0011154870040800645
861,-0.0010170992120123103
862,-0.0009187114199445562
863,-0.0008203236278768022
864,-0.000721935835809048
865,-0.0006718940764941587
866,-0.0006568615133106321
867,-0.0006418289501271054
868,-0.0006267963869435786
869,-0.0006117638237600519
870,-0.0005967312605765253
871,-0.0006153582793811836
872,-0.0006734987205197927
873,-0.0007316391616584018
874,-0.0007897796027970111
875,-0.0008479200439356201
876,-0.0009060604850742291
877,-0.0009379830798912366
878,-0.0009305789052258193
879,-0.0009231747305604019
880,-0.0009157705558949844
881,-0.0009083663812295671
882,-0.0009009622065641497
883,-0.0008743718592319979
884,-0.0007984456393282923
885,-0.0007225194194245865
886,-0.0006465931995208808
887,-0.0005706669796171751
888,-0.0004947407597134695
889,-0.0004150425703495566
890,-0.000321971034717639
891,-0.00022889949908572142
892,-0.0001358279634538038
893,-4.2756427821886155e-05
894,5.0315107810031426e-05
895,-5.647984243524316e-05
920,-0.020028171980946058
921,-0.019037745098658077
922,-0.01804731821637009
923,-0.017056891334082107
924,-0.016066464451794122
925,-0.015076037569506137
926,-0.014526345561766718
927,-0.014184058200873621
928,-0.01384177083998052
929,-0.013499483479087424
930,-0.013157196118194325
931,-0.012814908757301229
932,-0.012341353324813458
933,-0.01178734326779996
934,-0.011233333210786463
935,-0.010679323153772966
936,-0.010125313096759467
937,-0.00957130303974597
938,-0.008939272848920191
939,-0.00822922252428213
940,-0.007519172199644067
941,-0.006809121875006006
942,-0.006099071550367944
943,-0.005389021225729883
944,-0.004810949371307779
945,-0.004400850115342468
946,-0.003990750859377156
947,-0.0035806516034118446
948,-0.0031705523474465334
949,-0.0027604530914812214
950,-0.002572440909403336
951,-0.002856363759336369
952,-0.003140286609269402
953,-0.003424209459202434
954,-0.003708132309135467
955,-0.003992055159068499
956,-0.004146480740979963
957,-0.003932337175445408
958,-0.003718193609910854
959,-0.0035040500443762994
960,-0.0032899064788417445
961,-0.0030757629133071895
962,-0.002907265353987473
963,-0.003019164689987777
964,-0.0031310640259880804
965,-0.0032429633619883843
966,-0.003354862697988688
967,-0.0034667620339889917
968,-0.003570929060085737
969,-0.003586174522291472
970,-0.003601419984497207
971,-0.003616665446702942
972,-0.003631910908908677
973,-0.003647156371114412
974,-0.0036624018333201473
975,-0.0035690735636855573
976,-0.003471221388557625
977,-0.003373369213429692
978,-0.0032755170383017593
979,-0.003177664863173827
980,-0.003079812688045894
981,-0.0030557755733492124
982,-0.0030399401320337725
983,-0.0030241046907183325
984,-0.0030082692494028925
985,-0.002992433808087452
986,-0.0029765983667720125
987,-0.0029153013978623506
988,-0.0028411819468107274
989,-0.0027670624957591037
990,-0.0026929430447074805
991,-0.002618823593655857
992,-0.0025447041426042336
993,-0.0025181719712172018
994,-0.002510145964144176
995,-0.0025021199570711503
996,-0.0024940939499981246
997,-0.0024860679429250985
998,-0.0024780419358520728
999,-0.0024678117899638403
1000,-0.0024561122181988044
1001,-0.002444412646433768
1002,-0.0024327130746687317
1003,-0.002421013502903696
1004,-0.00240931393113866
1005,-0.002416977679960512
1006,-0.002441136109282293
1007,-0.002465294538604074
1008,-0.0024894529679258546
1009,-0.0025136113972476356
1010,-0.0025377698265694167
1011,-0.0025003817144126713
1012,-0.0023963181823208604
1013,-0.0022922546502290495
1014,-0.0021881911181372386
1015,-0.0020841275860454278
1016,-0.001980064053953617
1017,-0.0018935380919501894
1018,-0.0018381900323261248
1019,-0.00178284197270206
1020,-0.0017274939130779952
1021,-0.0016721458534539302
1022,-0.0016167977938298657
1023,-0.0015663101310383338
1024,-0.001527163394189382
1025,-0.0014880166573404301
1026,-0.0014488699204914782
1027,-0.0014097231836425264
1028,-0.0013705764467935744
1029,-0.001333141657482418
1030,-0.0013035057402878813
1031,-0.001273869823093345
1032,-0.0012442339058988082
1033,-0.0012145979887042714
1034,-0.0011849620715097349
1035,-0.0011607379085829097
1036,-0.0011761999436192547
1037,-0.0011916619786556002
1038,-0.0012071240136919458
1039,-0.0012225860487282913
1040,-0.0012380480837646366
1041,-0.0010709802909960237
1042,-0.0012090265849438986
1043,-0.0011645430510868148
1044,-0.0011200595172297313
1045,-0.0010755759833726477
1046,-0.0010310924495155643
1047,-0.0009866089156584806
1048,-0.0009423159183507197
1049,-0.0008980350829503622
1050,-0.0008537542475500048
1051,-0.0008094734121496472
1052,-0.0007651925767492899
1053,-0.0007209117413489324
1054,-0.0006699910075899307
1055,-0.0006176127351668359
1056,-0.000565234462743741
1057,-0.0005128561903206461
1058,-0.00046047791789755114
1059,-0.00040809964547445626
1060,-0.0003854969118647349
1061,-0.0003722969799855531
1062,-0.0003590970481063713
1063,-0.00034589711622718956
1064,-0.0003326971843480077
1065,-0.0003194972524688259
1066,-0.0003157767541872518
1067,-0.0003173884373043298
1068,-0.00031900012042140776
1069,-0.0003206118035384858
1070,-0.0003222234866555638
1071,-0.00032383516977264176
1072,-0.0003107559944829092
1073,-0.00028703861138134506
1074,-0.000263321228279781
1075,-0.0002396038451782169
1100,-0.02174251048132728
1101,-0.018584880487579124
1102,-0.015914765147251327
1103,-0.015804101737378864
1104,-0.015693438327506404
1105,-0.01558277491763394
1106,-0.015472111507761479
1107,-0.015361448097889018
1108,-0.015229139298329804
1109,-0.014577341146288081
1110,-0.013925542994246358
1111,-0.013273744842204635
1112,-0.012621946690162911
1113,-0.01197014853812119
1114,-0.011318350386079467
1115,-0.010541949011634558
1116,-0.009763004714283464
1117,-0.00898406041693237
1118,-0.008205116119581276
1119,-0.007426171822230183
1120,-0.006647227524879088
1121,-0.00629300960749038
1122,-0.006007933193816406
1123,-0.005722856780142431
1124,-0.005437780366468455
1125,-0.00515270395279448
1126,-0.004867627539120506
1127,-0.004609827977447851
1128,-0.004358847628775528
1129,-0.004107867280103205
1130,-0.0038568869314308816
1131,-0.0036059065827585587
1132,-0.003354926234086235
1133,-0.0034006617333767297
1134,-0.003586028219943805
1135,-0.0037713947065108793
1136,-0.003956761193077954
1137,-0.004142127679645028
1138,-0.004327494166212103
1139,-0.004306507599796182
1140,-0.004159046581551914
1141,-0.004011585563307647
1142,-0.00386412454506338
1143,-0.003716663526819112
1144,-0.003569202508574845
1145,-0.003505195059104839
1146,-0.0035246411784090946
1147,-0.0035440872977133497
1148,-0.003563533417017605
1149,-0.0035829795363218606
1150,-0.0036024256556261157
1151,-0.00354489327128805
1152,-0.0033893882459506883
1153,-0.0032338832206133265
1154,-0.0030783781952759648
1155,-0.0029228731699386034
1156,-0.0027673681446012417
1157,-0.0026822987805136624
1158,-0.0027121507584651483
1159,-0.002742002736416635
1160,-0.0027718547143681213
1161,-0.0028017066923196076
1162,-0.002831558670271094
1163,-0.0028418927733277278
1164,-0.002796676001683624
1165,-0.0027514592300395204
1166,-0.002706242458395417
1167,-0.0026610256867513134
1168,-0.00261580891510721
1169,-0.0025651597820068065
1170,-0.0024927812030812115
1171,-0.0024204026241556164
1172,-0.002348024045230021
1173,-0.002275645466304426
1174,-0.0022032668873788307
1175,-0.0021431659816500545
1176,-0.002224258317684834
1177,-0.0023053506537196143
1178,-0.0023864429897543942
1179,-0.0024675353257891737
1180,-0.0025486276618239536
1181,-0.002627598034980506
1182,-0.002602592227103818
1183,-0.00257758641922713
1184,-0.002552580611350442
1185,-0.002527574803473754
1186,-0.002502568995597066
1187,-0.002477563187720378
1188,-0.002412546257815443
1189,-0.0023430836476851504
1190,-0.002273621037554859
1191,-0.0022041584274245666
1192,-0.0021346958172942746
1193,-0.002065233207163983
1194,-0.002030721812599854
1195,-0.002002867792429284
1196,-0.001975013772258714
1197,-0.0019471597520881439
1198,-0.0019193057319175735
1199,-0.0018914517117470035
1200,-0.001869263837138829
1201,-0.0018492794635826997
1202,-0.0018292950900265705
1203,-0.0018093107164704409
1204,-0.0017893263429143115
1205,-0.001769341969358182
1206,-0.0017040512300104788
1207,-0.0016154208476792228
1208,-0.0015267904653479664
1209,-0.0014381600830167102
1210,-0.001349529700685454
1211,-0.0012608993183541976
1212,-0.0011986330742495544
1213,-0.001158825170115733
1214,-0.0011190172659819113
1215,-0.00107920936184809
1216,-0.0010394014577142683
1217,-0.000999593553580447
1218,-0.0009912450579712127
1219,-0.0010169775882636117
1220,-0.0010427101185560106
1221,-0.0010684426488484099
1222,-0.001094175179140809
1223,-0.0011199077094332082
1224,-0.001105708853452501
1225,-0.0010363666545232346
1226,-0.0009670244555939683
1227,-0.000897682256664702
1228,-0.0008283400577354357
1229,-0.0007589978588061694
1230,-0.000704463007488842
1231,-0.0006844786339327128
1232,-0.0006644942603765835
1233,-0.0006445098868204542
1234,-0.000624525513264325
1235,-0.0006045411397081959
1236,-0.0005846685155947368
1237,-0.0005651497647164
1238,-0.0005456310138380633
1239,-0.0005261122629597265
1240,-0.0005065935120813896
1241,-0.00048707476120305284
1242,-0.0004685112788268543
1243,-0.00045695309879966177
1244,-0.0004453949187724693
1245,-0.0004338367387452767
1246,-0.0004222785587180842
1247,-0.0004107203786908917
1248,-0.0003983805439620493
1249,-0.00037379478557401295
1250,-0.0003492090271859767
1251,-0.00032462326879794035
1252,-0.0003000375104099041
1253,-0.00027545175202186775
1254,-0.00025086599363383143
1255,-0.0002277663474098621
1280,-0.017726713835910967
1281,-0.017094206754787268
1282,-0.01646169967366357
1283,-0.01582919259253987
1284,-0.015196685511416173
1285,-0.014754649553570476
1286,-0.014488433094135254
1287,-0.014222216634700033
1288,-0.013956000175264813
1289,-0.013689783715829592
1290,-0.013423567256394372
1291,-0.013130501625604914
1292,-0.012797162237784118
1293,-0.012463822849963323
1294,-0.012130483462142527
1295,-0.011797144074321734
1296,-0.011463804686500935
1297,-0.011068122663671092
1298,-0.010551422584647283
1299,-0.010034722505623478
1300,-0.009518022426599672
1301,-0.009001322347575865
1302,-0.00848462226855206
1303,-0.007806200071641687
1304,-0.006711921000166273
1305,-0.005617641928690859
1306,-0.004523362857215445
1307,-0.003429083785740031
1308,-0.0023348047142646173
1309,-0.0014027364802095567
1310,-0.0013222751426108367
1311,-0.0012418138050121167
1312,-0.0011613524674133969
1313,-0.0010808911298146769
1314,-0.0010004297922159568
1315,-0.0009741488514795616
1316,-0.0014354914825045813
1317,-0.001896834113529601
1318,-0.0023581767445546207
1319,-0.0028195193755796407
1320,-0.0032808620066046607
1321,-0.00374220463762968
1322,-0.003652173489426069
1323,-0.0035508898151157616
1324,-0.003449606140805454
1325,-0.0033483224664951467
1326,-0.0032470387921848393
1327,-0.003145755117874532
1328,-0.0031823202381703625
1329,-0.003230872210171063
1330,-0.0032794241821717633
1331,-0.0033279761541724637
1332,-0.003376528126173164
1333,-0.0034250800981738645
1334,-0.0033702773818171344
1335,-0.0032896359933710386
1336,-0.0032089946049249428
1337,-0.003128353216478848
1338,-0.003047711828032752
1339,-0.002967070439586656
1340,-0.0029438647056834813
1341,-0.0029408390666197095
1342,-0.0029378134275559378
1343,-0.002934787788492166
1344,-0.002931762149428394
1345,-0.002928736510364622
1346,-0.0028981098377944643
1347,-0.002850566402752642
1348,-0.0028030229677108204
1349,-0.002755479532668998
1350,-0.002707936097627176
1351,-0.002660392662585354
1352,-0.0026241515661493374
1353,-0.0025967908786178845
1354,-0.0025694301910864307
1355,-0.0025420695035549778
1356,-0.002514708816023524
1357,-0.002487348128492071
1358,-0.002430675225709674
1359,-0.002336695867153357
1360,-0.0022427165085970404
1361,-0.0021487371500407233
1362,-0.002054757791484406
1363,-0.0019607784329280895
1364,-0.0019013974442572078
1365,-0.0018984664275046423
1366,-0.0018955354107520765
1367,-0.001892604393999511
1368,-0.0018896733772469452
1369,-0.0018867423604943794
1370,-0.0018829618966187175
1371,-0.0018773763576064749
1372,-0.0018717908185942322
1373,-0.0018662052795819896
1374,-0.001860619740569747
1375,-0.0018550342015575042
1376,-0.0018395990265926917
1377,-0.001784765307817611
1378,-0.0017299315890425303
1379,-0.0016750978702674499
1380,-0.0016202641514923692
1381,-0.0015654304327172885
1382,-0.0015125394546235105
1383,-0.001471582455000606
1384,-0.0014306254553777015
1385,-0.001389668455754797
1386,-0.0013487114561318923
1387,-0.001307754456508988
1388,-0.0012670583580809043
1389,-0.001239146418199055
1390,-0.001211234478317206
1391,-0.0011833225384353567
1392,-0.0011554105985535077
1393,-0.0011274986586716584
1394,-0.0010995867187898094
1395,-0.0011061364614366879
1396,-0.001114122107522262
1397,-0.001122107753607836
1398,-0.0011300933996934103
1399,-0.0011380790457789843
1400,-0.0011460646918645585
1401,-0.0011108476250669252
1402,-0.001067401470101057
1403,-0.0010239553151351888
1404,-0.0009805091601693204
1405,-0.0009370630052034523
1406,-0.0008936168502375841
1407,-0.0008351276205942446
1408,-0.0007723954724521305
1409,-0.0007096633243100165
1410,-0.0006469311761679024
1411,-0.0005841990280257884
1412,-0.0005214668798836744
1413,-0.0004837583937849826
1414,-0.0004589408851025945
1415,-0.0004341233764202064
1416,-0.00040930586773781834
1417,-0.0003844883590554302
1418,-0.00035967085037304214
1419,-0.0003284138065958756
1420,-0.0002928637394221925
1421,-0.0002573136722485094
1422,-0.0002217636050748263
1423,-0.0001862135379011432
1424,-0.00015066347072746012
1425,-0.00013028089002098582
1426,-0.00012632975298731974
1427,-0.0001223786159536537
1428,-0.00011842747891998762
1429,-0.00011447634188632156
1430,-0.0001105252048526555
1431,-7.365629249309667e-05
1432,8.670500078395743e-06
1433,9.099729264988815e-05
1434,0.00017332408522138055
1435,0.00025565087779287296
1460,-0.0162551144517499
1461,-0.01876070701812609
1462,-0.014740898336261072
1463,-0.014624810977189264
1464,-0.014508723618117454
1465,-0.014392636259045645
1466,-0.014276548899973835
1467,-0.014160461540902024
1468,-0.013698076164758584
1469,-0.013188468331741685
1470,-0.012678860498724787
1471,-0.012169252665707888
1472,-0.011659644832690991
1473,-0.011150036999674092
1474,-0.010487107932188598
1475,-0.00979052298396608
1476,-0.009093938035743562
1477,-0.008397353087521044
1478,-0.007700768139298526
1479,-0.007004183191076008
1480,-0.0064647649881265255
1481,-0.005992703961722613
1482,-0.005520642935318703
1483,-0.005048581908914791
1484,-0.004576520882510881
1485,-0.00410445985610697
1486,-0.00378931546175836
1487,-0.0035624366729408194
1488,-0.003335557884123279
1489,-0.0031086790953057386
1490,-0.002881800306488198
1491,-0.0026549215176706574
1492,-0.002661168374466041
1493,-0.0028826081349041383
1494,-0.0031040478953422357
1495,-0.003325487655780333
1496,-0.003546927416218431
1497,-0.0037683671766565283
1498,-0.0037924441348411377
1499,-0.0035848343251627776
1500,-0.0033772245154844185
1501,-0.0031696147058060593
1502,-0.0029620048961276997
1503,-0.0027543950864493405
1504,-0.0026333108702680536
1505,-0.0026801881002868587
1506,-0.0027270653303056638
1507,-0.0027739425603244684
1508,-0.002820819790343274
1509,-0.0028676970203620786
1510,-0.002907596611937178
1511,-0.002929553704657033
1512,-0.0029515107973768877
1513,-0.002973467890096743
1514,-0.0029954249828165976
1515,-0.0030173820755364524
1516,-0.003017919981685035
1517,-0.002942517135444573
1518,-0.002867114289204112
1519,-0.0027917114429636507
1520,-0.0027163085967231893
1521,-0.002640905750482728
1522,-0.002570094925906721
1523,-0.002540612296310847
1524,-0.002511129666714973
1525,-0.0024816470371191
1526,-0.002452164407523226
1527,-0.0024226817779273518
1528,-0.0023914680071763054
1529,-0.0023187068487010684
1530,-0.0022459456902258314
1531,-0.0021731845317505944
1532,-0.0021004233732753574
1533,-0.002027662214800121
1534,-0.0019549010563248838
1535,-0.0019997912894570546
1536,-0.002054912078381164
1537,-0.0021100328673052727
1538,-0.002165153656229382
1539,-0.0022202744451534913
1540,-0.0022753952340776
1541,-0.0022519089726613446
1542,-0.0022156262146780666
1543,-0.0021793434566947886
1544,-0.0021430606987115105
1545,-0.002106777940728232
1546,-0.002070495182744954
1547,-0.0020203159487668814
1548,-0.001965254169169017
1549,-0.001910192389571152
1550,-0.0018551306099732873
1551,-0.0018000688303754224
1552,-0.0017450070507775577
1553,-0.0017290640629687838
1554,-0.0017315299183548708
1555,-0.0017339957737409575
1556,-0.0017364616291270446
1557,-0.0017389274845131314
1558,-0.0017413933398992183
1559,-0.0017061292804288228
1560,-0.0016412202878569259
1561,-0.001576311295285029
1562,-0.0015114023027131321
1563,-0.0014464933101412357
1564,-0.0013815843175693388
1565,-0.0013231995911161419
1566,-0.0012713391307816453
1567,-0.001219478670447149
1568,-0.0011676182101126521
1569,-0.0011157577497781556
1570,-0.001063897289443659
1571,-0.00102839802929664
1572,-0.0010195933589292035
1573,-0.001010788688561767
1574,-0.0010019840181943302
1575,-0.0009931793478268937
1576,-0.000984374677459457
1577,-0.0009695894835511983
1578,-0.0009420956771186892
1579,-0.0009146018706861803
1580,-0.0008871080642536711
1581,-0.000859614257821162
1582,-0.000832120451388653
1583,-0.0007875195353792772
1584,-0.0006942291536511244
1585,-0.0006009387719229714
1586,-0.0005076483901948186
1587,-0.0004143580084666657
1588,-0.0003210676267385129
1589,-0.000246074963493337
1590,-0.0002834825709294244
1591,-0.00032089017836551176
1592,-0.0003582977858015992
1593,-0.00039570539323768655
1594,-0.00043311300067377386
1595,-0.0004689714841339597
1596,-0.00048701504187126013
1597,-0.0005050585996085606
1598,-0.0005231021573458611
1599,-0.0005411457150831615
1600,-0.0005591892728204619
1601,-0.0005772328305577624
1602,-0.0004816345146688432
1603,-0.00038130112071216917
1604,-0.00028096772675549527
1605,-0.00018063433279882137
1606,-8.030093884214739e-05
1607,2.0032455114526595e-05
1608,0.00010238186687831175
1609,0.0001827330583984447
1610,0.0002630842499185776
1611,0.0003434354414387105
1612,0.0004237866329588435
1613,0.0005041378244789764
1614,0.0005330335255229536
1615,0.0005474161395095513
1640,-0.022852960914649677
1641,-0.020920644094101853
1642,-0.01898832727355402
1643,-0.017056010453006195
1644,-0.01577282564308786
1645,-0.015643653296511354
1646,-0.015514480949934848
1647,-0.015385308603358343
1648,-0.015256136256781835
1649,-0.01512696391020533
1650,-0.014823190631763463
1651,-0.013966514402414646
1652,-0.013109838173065831
1653,-0.012253161943717015
1654,-0.0113964857143682
1655,-0.010539809485019381
1656,-0.009683022498570722
1657,-0.00882573095200056
1658,-0.007968439405430397
1659,-0.007111147858860234
1660,-0.006253856312290071
1661,-0.005396564765719907
1662,-0.004618532506257966
1663,-0.004421735018922335
1664,-0.004224937531586703
1665,-0.004028140044251072
1666,-0.0038313425569154406
1667,-0.0036345450695798092
1668,-0.0036779119398468955
1669,-0.003319823719113153
1670,-0.0032018998559821283
1671,-0.0030839759928511035
1672,-0.002966052129720079
1673,-0.002848128266589054
1674,-0.002730204403458029
1675,-0.0028763813364803704
1676,-0.003039415767129507
1677,-0.0032024501977786423
1678,-0.0033654846284277783
1679,-0.003528519059076914
1680,-0.0036915534897260494
1681,-0.003611646404124556
1682,-0.003478410693004691
1683,-0.003345174981884826
1684,-0.0032119392707649604
1685,-0.003078703559645095
1686,-0.00294546784852523
1687,-0.0029786026931668246
1688,-0.003064275608048883
1689,-0.0031499485229309412
1690,-0.0032356214378129996
1691,-0.003321294352695058
1692,-0.003406967267577116
1693,-0.0033923753461911755
1694,-0.0033213844544044543
1695,-0.003250393562617733
1696,-0.003179402670831012
1697,-0.00310841177904429
1698,-0.003037420887257569
1699,-0.002989113020709145
1700,-0.002957230793126391
1701,-0.002925348565543636
1702,-0.002893466337960882
1703,-0.002861584110378127
1704,-0.0028297018827953724
1705,-0.0027486772583291737
1706,-0.002609963733173724
1707,-0.0024712502080182735
1708,-0.0023325366828628236
1709,-0.0021938231577073738
1710,-0.0020551096325519234
1711,-0.0019831857326640984
1712,-0.002011446270677674
1713,-0.002039706808691249
1714,-0.002067967346704824
1715,-0.0020962278847183997
1716,-0.0021244884227319748
1717,-0.0021450377132469283
1718,-0.002145758081622565
1719,-0.0021464784499982013
1720,-0.002147198818373838
1721,-0.002147919186749475
1722,-0.0021486395551251116
1723,-0.0021275867761859617
1724,-0.0020293382931307643
1725,-0.0019310898100755667
1726,-0.001832841327020369
1727,-0.0017345928439651717
1728,-0.0016363443609099739
1729,-0.0015583720930390248
1730,-0.001586849954885315
1731,-0.0016153278167316053
1732,-0.0016438056785778956
1733,-0.001672283540424186
1734,-0.0017007614022704761
1735,-0.0017264833503516223
1736,-0.0016860633680692418
1737,-0.0016456433857868615
1738,-0.001605223403504481
1739,-0.0015648034212221004
1740,-0.0015243834389397199
1741,-0.0014839634566573394
1742,-0.0013900992536985124
1743,-0.0012951443523585347
1744,-0.0012001894510185566
1745,-0.0011052345496785786
1746,-0.0010102796483386007
1747,-0.0009153247469986229
1748,-0.0008936172301955188
1749,-0.0008838337062239861
1750,-0.0008740501822524534
1751,-0.0008642666582809206
1752,-0.0008544831343093879
1753,-0.0008446996103378552
1754,-0.0008564228952058104
1755,-0.0008735228822836314
1756,-0.0008906228693614525
1757,-0.0009077228564392735
1758,-0.0009248228435170944
1759,-0.0009419228305949154
1760,-0.0008812515714163563
1761,-0.0007839820787053552
1762,-0.0006867125859943542
1763,-0.0005894430932833532
1764,-0.0004921736005723521
1765,-0.0003949041078613511
1766,-0.0003239231866592411
1767,-0.00026905461573678157
1768,-0.00021418604481432204
1769,-0.0001593174738918625
1770,-0.00010444890296940297
1771,-4.9580332046943445e-05
1772,-4.1823312364201876e-05
1773,-8.11778439211354e-05
1774,-0.0001205323754780689
1775,-0.0001598869070350024
1776,-0.00019924143859193592
1777,-0.00023859597014886942
1778,-0.0002454104403992002
1779,-0.00021081028716837114
1780,-0.00017621013393754212
1781,-0.00014160998070671308
1782,-0.00010700982747588404
1783,-7.2409674245055e-05
1784,-5.238456864376944e-05
1785,-6.333143925527283e-05
1786,-7.427830986677622e-05
1787,-8.522518047827962e-05
1788,-9.617205108978301e-05
1789,-0.0001071189217012864
1790,-0.00011079471813013898
1791,-9.3775918808369e-05
1792,-7.675711948659904e-05
1793,-5.973832016482906e-05
1794,-4.271952084305909e-05
1795,-2.5700721521289118e-05
1820,-0.01694018965724535
1821,-0.01649961199445758
1822,-0.016125671592833797
1823,-0.015751731191210015
1824,-0.01537779078958623
1825,-0.015003850387962448
1826,-0.014629909986338665
1827,-0.014192032786967993
1828,-0.01372929127736243
1829,-0.013266549767756862
1830,-0.012803808258151297
1831,-0.012341066748545732
1832,-0.011878325238940165
1833,-0.011367536577660568
1834,-0.010831996353397391
1835,-0.010296456129134213
1836,-0.009760915904871034
1837,-0.009225375680607856
1838,-0.008689835456344679
1839,-0.008188676622759423
1840,-0.007716805640492375
1841,-0.007244934658225326
1842,-0.006773063675958278
1843,-0.00630119269369123
1844,-0.005829321711424181
1845,-0.005221333511622911
1846,-0.004465884992826105
1847,-0.0037104364740293016
1848,-0.0029549879552324965
1849,-0.002199539436435692
1850,-0.0014440909176388875
1851,-0.0010434185299392417
1852,-0.001273459264189753
1853,-0.001503499998440264
1854,-0.0017335407326907754
1855,-0.0019635814669412867
1856,-0.002193622201191798
1857,-0.002385684608463384
1858,-0.0024891309194508904
1859,-0.002592577230438396
1860,-0.0026960235414259016
1861,-0.002799469852413408
1862,-0.002902916163400913
1863,-0.00297210897438608
1864,-0.0028852580631381955
1865,-0.002798407151890311
1866,-0.0027115562406424265
1867,-0.002624705329394542
1868,-0.002537854418146658
1869,-0.0024711496538503803
1870,-0.0025521833005327033
1871,-0.0026332169472150268
1872,-0.0027142505938973502
1873,-0.0027952842405796737
1874,-0.0028763178872619967
1875,-0.0029492607444415423
1876,-0.002895447899410779
1877,-0.002841635054380016
1878,-0.0027878222093492533
1879,-0.0027340093643184902
1880,-0.0026801965192877275
1881,-0.0026263836742569644
1882,-0.0025992903539147866
1883,-0.002573902535148474
1884,-0.0025485147163821615
1885,-0.002523126897615849
1886,-0.002497739078849537
1887,-0.0024723512600832243
1888,-0.002466705588513172
1889,-0.002463752027924424
1890,-0.002460798467335677
1891,-0.0024578449067469295
1892,-0.0024548913461581823
1893,-0.0024519377855694345
1894,-0.0024064132051669095
1895,-0.002347445144823174
1896,-0.0022884770844794383
1897,-0.0022295090241357027
1898,-0.002170540963791967
1899,-0.0021115729034482315
1900,-0.002015117374539525
1901,-0.0019025957876743886
1902,-0.001790074200809252
1903,-0.0016775526139441155
1904,-0.0015650310270789792
1905,-0.0014525094402138426
1906,-0.0014182465272795763
1907,-0.0014406536885710234
1908,-0.0014630608498624707
1909,-0.0014854680111539183
1910,-0.0015078751724453656
1911,-0.0015302823337368127
1912,-0.0015354202018065272
1913,-0.00152461718382541
1914,-0.0015138141658442926
1915,-0.0015030111478631753
1916,-0.001492208129882058
1917,-0.0014814051119009406
1918,-0.0014395424649060362
1919,-0.0013510903743904686
1920,-0.0012626382838749008
1921,-0.0011741861933593331
1922,-0.0010857341028437653
1923,-0.0009972820123281977
1924,-0.0009451767109574931
1925,-0.0009636269414561835
1926,-0.000982077171954874
1927,-0.0010005274024535644
1928,-0.0010189776329522545
1929,-0.001037427863450945
1930,-0.0010556886320862967
1931,-0.0010732776722970833
1932,-0.00109086671250787
1933,-0.0011084557527186564
1934,-0.0011260447929294431
1935,-0.0011436338331402298
1936,-0.001146847564221353
1937,-0.001074590922371662
1938,-0.001002334280521971
1939,-0.0009300776386722802
1940,-0.0008578209968225893
1941,-0.0007855643549728985
1942,-0.0007186499531497309
1943,-0.0006998157115653234
1944,-0.0006809814699809156
1945,-0.0006621472283965081
1946,-0.0006433129868121005
1947,-0.0006244787452276927
1948,-0.0006056445036432852
1949,-0.0005813736599385469
1950,-0.0005569918651701286
1951,-0.0005326100704017103
1952,-0.000508228275633292
1953,-0.0004838464808648736
1954,-0.00045946468609645523
1955,-0.0004155811160865161
1956,-0.0003700017395338272
1957,-0.0003244223629811383
1958,-0.0002788429864284494
1959,-0.00023326360987576048
1960,-0.00018768423332307158
1961,-0.00017370494936432885
1962,-0.0001676256885540637
1963,-0.00016154642774379854
1964,-0.00015546716693353333
1965,-0.00014938790612326817
1966,-0.000143308645313003
1967,-0.00010017170865290948
1968,-4.401450750505445e-05
1969,1.2142693642800579e-05
1970,6.829989479065564e-05
1971,0.00012445709593851065
1972,0.00018061429708636574
1973,0.0002788007147126989
1974,0.000402746974696821
1975,0.0005266932346809431
2000,-0.01606040226368039
2001,-0.0157747485929449
2002,-0.015489094922209408
2003,-0.01520550831238172
2004,-0.014930189946185269
2005,-0.014654871579988817
2006,-0.014379553213792366
2007,-0.014104234847595912
2008,-0.01382891648139946
2009,-0.013521004232718263
2010,-0.012838262335462121
2011,-0.01215552043820598
2012,-0.011472778540949836
2013,-0.010790036643693697
2014,-0.010107294746437555
2015,-0.009424173967827692
2016,-0.008722488002885522
2017,-0.00802080203794335
2018,-0.0073191160730011785
2019,-0.0066174301080590085
2020,-0.005915744143116837
2021,-0.005214058178174666
2022,-0.004872507793273557
2023,-0.0045459630575408125
2024,-0.004219418321808067
2025,-0.0038928735860753226
2026,-0.0035663288503425777
2027,-0.0032397841146098324
2028,-0.003013308575190657
2029,-0.002805893835069284
2030,-0.002598479094947911
2031,-0.0023910643548265375
2032,-0.0021836496147051646
2033,-0.001976234874583792
2034,-0.0020917893346000718
2035,-0.0022984376715781485
2036,-0.0025050860085562244
2037,-0.002711734345534301
2038,-0.002918382682512377
2039,-0.003125031019490454
2040,-0.003118186329340056
2041,-0.00300136038279007
2042,-0.0028845344362400838
2043,-0.0027677084896900973
2044,-0.0026508825431401117
2045,-0.002534056596590125
2046,-0.0025106900470727588
2047,-0.002549629762243829
2048,-0.002588569477414899
2049,-0.00262750919258597
2050,-0.0026664489077570398
2051,-0.00270538862292811
2052,-0.0026355417174170094
2053,-0.0024478426395002314
2054,-0.002260143561583454
2055,-0.0020724444836666767
2056,-0.001884745405749899
2057,-0.0016970463278331211
2058,-0.0016077815586882402
2059,-0.0016544498826092707
2060,-0.001701118206530301
2061,-0.0017477865304513316
2062,-0.0017944548543723622
2063,-0.0018411231782933927
2064,-0.0018929739343470473
2065,-0.001956917032043508
2066,-0.002020860129739968
2067,-0.0020848032274364283
2068,-0.002148746325132889
2069,-0.0022126894228293495
2070,-0.0022373121163220015
2071,-0.0021374201965024446
2072,-0.002037528276682888
2073,-0.0019376363568633314
2074,-0.0018377444370437743
2075,-0.0017378525172242177
2076,-0.0016444167420558476
2077,-0.0015983260276626913
2078,-0.0015522353132695346
2079,-0.0015061445988763782
2080,-0.0014600538844832217
2081,-0.0014139631700900654
2082,-0.001374263474532961
2083,-0.0014346897407399636
2084,-0.0014951160069469663
2085,-0.0015555422731539687
2086,-0.0016159685393609712
2087,-0.001676394805567974
2088,-0.0014248223670300165
2089,-0.0016947822226917033
2090,-0.0016527433736084297
2091,-0.0016107045245251565
2092,-0.0015686656754418833
2093,-0.0015266268263586097
2094,-0.0014845879772753365
2095,-0.0014031032777115928
2096,-0.0013162395985368816
2097,-0.0012293759193621702
2098,-0.001142512240187459
2099,-0.0010556485610127477
2100,-0.0009687848818380364
2101,-0.000974490751429948
2102,-0.0010005167658730474
2103,-0.0010265427803161466
2104,-0.0010525687947592456
2105,-0.0010785948092023449
2106,-0.0011046208236454441
2107,-0.0010795729492398742
2108,-0.001032636265327713
2109,-0.0009856995814155518
2110,-0.0009387628975033905
2111,-0.0008918262135912294
2112,-0.0008448895296790682
2113,-0.0007791289062440835
2114,-0.0007027798168275047
2115,-0.000626430727410926
2116,-0.000550081637994347
2117,-0.00047373254857776826
2118,-0.0003973834591611895
2119,-0.0003996983422461527
2120,-0.00047462612302485226
2121,-0.0005495539038035519
2122,-0.0006244816845822514
2123,-0.000699409465360951
2124,-0.0007743372461396506
2125,-0.0008051200614521162
2126,-0.0007840805259998799
2127,-0.0007630409905476437
2128,-0.0007420014550954074
2129,-0.0007209619196431712
2130,-0.0006999223841909348
2131,-0.0006558201431397357
2132,-0.0005669491206317559
2133,-0.00047807809812377576
2134,-0.00038920707561579577
2135,-0.00030033605310781573
2136,-0.0002114650305998357
2137,-0.00013419575355489344
2138,-8.675953627208617e-05
2139,-3.932331898927892e-05
2140,8.112898293528313e-06
2141,5.554911557633555e-05
2142,0.00010298533285914281
2143,0.00014250955128210246
2144,0.00014049577569095773
2145,0.000138482000099813
2146,0.00013646822450866827
2147,0.00013445444891752354
2148,0.0001324406733263788
2149,0.00013505069155226565
2150,0.00017927485413147867
2151,0.00022349901671069166
2152,0.0002677231792899047
2153,0.00031194734186911773
2154,0.00035617150444833067
2155,0.0004003956670275437
2180,-0.023748675599838714
2181,-0.02245489980066049
2182,-0.021161124001482266
2183,-0.01986734820230404
2184,-0.01857357240312582
2185,-0.017279796603947597
2186,-0.016558919450850862
2187,-0.016288176948246823
2188,-0.016017434445642784
2189,-0.01574669194303874
2190,-0.015475949440434704
2191,-0.015205206937830664
2192,-0.01451756544005402
2193,-0.013413024947104777
2194,-0.012308484454155534
2195,-0.01120394396120629
2196,-0.010099403468257048
2197,-0.008994862975307804
2198,-0.008017649064868789
2199,-0.0072481785258937375
2200,-0.006478707986918686
2201,-0.005709237447943633
2202,-0.004939766908968581
2203,-0.004170296369993528
2204,-0.003652810591629783
2205,-0.00367079242956466
2206,-0.003688774267499536
2207,-0.0037067561054344132
2208,-0.0037247379433692895
2209,-0.003742719781304166
2210,-0.0037182007075648752
2211,-0.003523677987129203
2212,-0.003329155266693531
2213,-0.003134632546257858
2214,-0.002940109825822186
2215,-0.0027455871053865136
2216,-0.0025962030220627996
2217,-0.002724099138141408
2218,-0.002851995254220016
2219,-0.0029798913702986244
2220,-0.003107787486377233
2221,-0.0032356836024558413
2222,-0.003358549397426541
2223,-0.00323492945810949
2224,-0.0031113095187924383
2225,-0.002987689579475387
2226,-0.002864069640158336
2227,-0.0027404497008412846
2228,-0.002616829761524233
2229,-0.002663846542583624
2230,-0.0027179731869920267
2231,-0.0027720998314004295
2232,-0.0028262264758088323
2233,-0.002880353120217235
2234,-0.002934479764625638
2235,-0.0028580859766059127
2236,-0.0027671899183164097
2237,-0.0026762938600269075
2238,-0.002585397801737405
2239,-0.002494501743447902
2240,-0.0024036056851583997
2241,-0.0024151901759972404
2242,-0.002455679437103092
2243,-0.0024961686982089442
2244,-0.002536657959314796
2245,-0.002577147220420648
2246,-0.0026176364815265
2247,-0.0025173766815081355
2248,-0.0023623811354969654
2249,-0.0022073855894857953
2250,-0.0020523900434746252
2251,-0.0018973944974634556
2252,-0.0017423989514522855
2253,-0.0017252785670581023
2254,-0.0018000749570751043
2255,-0.0018748713470921063
2256,-0.0019496677371091083
2257,-0.00202446412712611
2258,-0.002099260517143112
2259,-0.0021318765473317325
2260,-0.002128561159888764
2261,-0.002125245772445795
2262,-0.0021219303850028262
2263,-0.002118614997559857
2264,-0.002115299610116888
2265,-0.0020886946845380372
2266,-0.0020299280158191687
2267,-0.0019711613471003
2268,-0.0019123946783814313
2269,-0.0018536280096625628
2270,-0.0017948613409436945
2271,-0.0017444780366842221
2272,-0.0017089984914636692
2273,-0.001673518946243116
2274,-0.0016380394010225626
2275,-0.0016025598558020095
2276,-0.0015670803105814562
2277,-0.0015160012287093335
2278,-0.001415523614107305
2279,-0.0013150459995052767
2280,-0.001214568384903248
2281,-0.0011140907703012196
2282,-0.001013613155699191
2283,-0.0009329240857417466
2284,-0.0009423828302763978
2285,-0.0009518415748110491
2286,-0.0009613003193457002
2287,-0.0009707590638803514
2288,-0.0009802178084150025
2289,-0.0009867573841190662
2290,-0.0009475633148105471
2291,-0.000908369245502028
2292,-0.0008691751761935089
2293,-0.0008299811068849899
2294,-0.0007907870375764707
2295,-0.0007527629981202093
2296,-0.0007127831545408866
2297,-0.0006739733408138214
2298,-0.0006351635270867563
2299,-0.0005963537133596912
2300,-0.000557543899632626
2301,-0.0005187340859055608
2302,-0.00046480637574448225
2303,-0.00040881713425148597
2304,-0.0003528278927584897
2305,-0.0002968386512654934
2306,-0.00024084940977249714
2307,-0.00018486016827950086
2308,-0.00016119687172503393
2309,-0.00014462951430342885
2310,-0.00012806215688182377
2311,-0.0001114947994602187
2312,-9.492744203861363e-05
2313,-7.836008461700855e-05
2314,-8.409565202129506e-05
2315,-9.687424831797752e-05
2316,-0.00010965284461465998
2317,-0.00012243144091134242
2318,-0.00013521003720802488
2319,-0.00014798863350470734
2320,-0.00012357979610127447
2321,-7.825302724155646e-05
2322,-3.292625838183846e-05
2323,1.2400510477879548e-05
2324,5.772727933759754e-05
2325,0.00010305404819731553
2326,0.00012963848134608534
2327,0.00014265087829039665
2328,0.000155663275234708
2329,0.0001686756721790193
2330,0.00018168806912333065
2331,0.00019470046606764193
2332,0.00020355506783110324
2333,0.0002075287795996544
2334,0.00021150249136820553
2335,0.00021547620313675672
2360,-0.018007924570585743
2361,-0.01677633790031985
2362,-0.015589336466222067
2363,-0.015472380700159973
2364,-0.015355424934097878
2365,-0.015238469168035784
2366,-0.01512151340197369
2367,-0.015004557635911594
2368,-0.0148876018698495
2369,-0.01441703241710411
2370,-0.013915713948125415
2371,-0.013414395479146725
2372,-0.012913077010168032
2373,-0.01241175854118934
2374,-0.011910440072210648
2375,-0.01121423915016835
2376,-0.01048631317762736
2377,-0.009758387205086372
2378,-0.009030461232545382
2379,-0.008302535260004391
2380,-0.0075746092874634015
2381,-0.007029018493297477
2382,-0.0065290114937252685
2383,-0.00602900449415306
2384,-0.005528997494580849
2385,-0.0050289904950086405
2386,-0.004528983495436432
2387,-0.0041772338201256694
2388,-0.0038952522974084382
2389,-0.003613270774691206
2390,-0.003331289251973974
2391,-0.003049307729256742
2392,-0.0027673262065395104
2393,-0.002675870136170722
2394,-0.002701187730144582
2395,-0.0027265053241184423
2396,-0.0027518229180923024
2397,-0.0027771405120661625
2398,-0.002802458106040023
2399,-0.002639706918260067
2400,-0.002288886948726295
2401,-0.001938066979192523
2402,-0.0015872470096587512
2403,-0.0012364270401249793
2404,-0.0008856070705912074
2405,-0.0007810373416834833
2406,-0.0009898770099361137
2407,-0.0011987166781887437
2408,-0.0014075563464413742
2409,-0.001616396014694004
2410,-0.0018252356829466345
2411,-0.0020141690803777753
2412,-0.0021608016523131947
2413,-0.002307434224248614
2414,-0.002454066796184034
2415,-0.002600699368119453
2416,-0.002747331940054873
2417,-0.0028200449228512315
2418,-0.002682371382713083
2419,-0.0025446978425749337
2420,-0.0024070243024367846
2421,-0.002269350762298636
2422,-0.002131677222160487
2423,-0.002008302399655772
2424,-0.0019727625568993898
2425,-0.001937222714143008
2426,-0.0019016828713866256
2427,-0.0018661430286302436
2428,-0.0018306031858738615
2429,-0.0017892244223354046
2430,-0.0016806980698030227
2431,-0.0015721717172706407
2432,-0.0014636453647382589
2433,-0.001355119012205877
2434,-0.0012465926596734948
2435,-0.0011380663071411128
2436,-0.00120395528314249
2437,-0.0012771115644994336
2438,-0.0013502678458563772
2439,-0.0014234241272133206
2440,-0.0014965804085702644
2441,-0.001569736689927208
2442,-0.0014692634328249711
2443,-0.001349498004782845
2444,-0.0012297325767407189
2445,-0.0011099671486985928
2446,-0.0009902017206564668
2447,-0.0008704362926143405
2448,-0.0008730783586010051
2449,-0.0008990361377359858
2450,-0.0009249939168709663
2451,-0.0009509516960059469
2452,-0.0009769094751409275
2453,-0.001002867254275908
2454,-0.0010141469742205188
2455,-0.0010197185600355483
2456,-0.0010252901458505778
2457,-0.0010308617316656073
2458,-0.001036433317480637
2459,-0.0010420049032956666
2460,-0.000989820647254106
2461,-0.0009078833817712522
2462,-0.0008259461162883984
2463,-0.0007440088508055447
2464,-0.0006620715853226908
2465,-0.0005801343198398372
2466,-0.0005358547010632963
2467,-0.0005236538183699155
2468,-0.0005114529356765348
2469,-0.0004992520529831539
2470,-0.00048705117028977323
2471,-0.00047485028759639247
2472,-0.00045440591820795526
2473,-0.0004250311048998742
2474,-0.0003956562915917931
2475,-0.000366281478283712
2476,-0.0003369066649756309
2477,-0.00030753185166754985
2478,-0.00029793423367553744
2479,-0.00032349607402325274
2480,-0.000349057914370968
2481,-0.00037461975471868325
2482,-0.0004001815950663985
2483,-0.00042574343541411375
2484,-0.00042961323702906415
2485,-0.0003828682816008306
2486,-0.0003361233261725972
2487,-0.0002893783707443637
2488,-0.00024263341531613022
2489,-0.00019588845988789675
2490,-0.00014596704112030713
2491,-8.15750671401238e-05
2492,-1.718309315994045e-05
2493,4.72088808202429e-05
2494,0.00011160085480042623
2495,0.0001759928287806096
2496,0.00023687807664846423
2497,0.00027204733302599294
2498,0.00030721658940352156
2499,0.0003423858457810502
2500,0.0003775551021585789
2501,0.0004127243585361076
2502,0.00040497747296614243
2503,0.0004689685581879793
2504,0.0004900435014623224
2505,0.0005111184447366655
2506,0.0005321933880110087
2507,0.0005532683312853518
2508,0.0005743432745596949
2509,0.0005862884200997983
2510,0.0005976508125930359
2511,0.0006090132050862733
2512,0.000620375597579511
2513,0.0006317379900727484
2514,0.000643100382565986
2515,1.1549137137616302e-05
2540,-0.02043954701450949
2541,-0.01963101179616253
2542,-0.018822476577815564
2543,-0.018013941359468603
2544,-0.017205406141121638
2545,-0.016656902676351417
2546,-0.016498446841946905
2547,-0.01633999100754239
2548,-0.016181535173137872
2549,-0.01602307933873336
2550,-0.015864623504328844
2551,-0.015470528845503165
2552,-0.014619017645154346
2553,-0.013767506444805528
2554,-0.012915995244456711
2555,-0.01206448404410789
2556,-0.011212972843759071
2557,-0.010384097513523993
2558,-0.009635476631873864
2559,-0.00888685575022374
2560,-0.008138234868573612
2561,-0.0073896139869234845
2562,-0.006640993105273358
2563,-0.005973770058678177
2564,-0.00573388564612048
2565,-0.005494001233562785
2566,-0.005254116821005088
2567,-0.005014232408447393
2568,-0.004774347995889696
2569,-0.004529367650379975
2570,-0.0041620849140215415
2571,-0.0037948021776631068
2572,-0.003427519441304673
2573,-0.0030602367049462386
2574,-0.0026929539685878042
2575,-0.00232567123222937
2576,-0.0023452497952734406
2577,-0.0023727234868767388
2578,-0.002400197178480037
2579,-0.0024276708700833346
2580,-0.0024551445616866332
2581,-0.002482618253289931
2582,-0.0023832049845824307
2583,-0.0022631356990801712
2584,-0.002143066413577911
2585,-0.0020229971280756515
2586,-0.0019029278425733915
2587,-0.001782858557071132
2588,-0.0019206902146621672
2589,-0.002122997108026636
2590,-0.002325304001391105
2591,-0.002527610894755574
2592,-0.0027299177881200424
2593,-0.0029322246814845114
2594,-0.0028288341072541653
2595,-0.002618036314679573
2596,-0.0024072385221049807
2597,-0.0021964407295303884
2598,-0.001985642936955796
2599,-0.0017748451443812042
2600,-0.0017124458997445227
2601,-0.0017410006038440225
2602,-0.001769555307943522
2603,-0.0017981100120430219
2604,-0.0018266647161425218
2605,-0.0018552194202420213
2606,-0.0018935864523846292
2607,-0.0019396631708468244
2608,-0.0019857398893090195
2609,-0.002031816607771214
2610,-0.002077893326233409
2611,-0.002123970044695604
2612,-0.0021241334997090405
2613,-0.0020658618921513424
2614,-0.002007590284593644
2615,-0.0019493186770359456
2616,-0.0018910470694782472
2617,-0.0018327754619205491
2618,-0.0018114703856567489
2619,-0.0018504791236092803
2620,-0.001889487861561812
2621,-0.0019284965995143436
2622,-0.0019675053374668752
2623,-0.002006514075419407
2624,-0.0020269229071071546
2625,-0.0019943935440413477
2626,-0.0019618641809755403
2627,-0.0019293348179097332
2628,-0.0018968054548439259
2629,-0.001864276091778119
2630,-0.0018282495524924332
2631,-0.0017782343083272583
2632,-0.0017282190641620832
2633,-0.001678203819996908
2634,-0.001628188575831733
2635,-0.001578173331666558
2636,-0.0015315125098624937
2637,-0.0015234275452112424
2638,-0.001515342580559991
2639,-0.0015072576159087395
2640,-0.001499172651257488
2641,-0.0014910876866062366
2642,-0.0014829500142799143
2643,-0.001472229665875113
2644,-0.001461509317470312
2645,-0.0014507889690655107
2646,-0.0014400686206607095
2647,-0.0014293482722559083
2648,-0.0014186279238511072
2649,-0.001315027454566245
2650,-0.0012011069718502756
2651,-0.001087186489134306
2652,-0.0009732660064183364
2653,-0.0008593455237023669
2654,-0.0007454250409863974
2655,-0.0007120151949050666
2656,-0.0006939407081827498
2657,-0.0006758662214604331
2658,-0.0006577917347381165
2659,-0.0006397172480157998
2660,-0.0006216427612934831
2661,-0.0006259148503691852
2662,-0.0006388772744774393
2663,-0.0006518396985856935
2664,-0.0006648021226939477
2665,-0.0006777645468022018
2666,-0.000690726970910456
2667,-0.0006622118062127156
2668,-0.0006123293987967217
2669,-0.0005624469913807277
2670,-0.0005125645839647338
2671,-0.00046268217654874
2672,-0.0004127997691327461
2673,-0.0003414778322622483
2674,-0.00025586287575543636
2675,-0.00017024791924862438
2676,-8.46329627418124e-05
2677,9.819937649995723e-07
2678,8.659695027181154e-05
2679,0.00018773947004801933
2680,0.00030570351669940467
2681,0.0004236675633507899
2682,0.0005416316100021753
2683,0.0006595956566535606
2684,0.000777559703304946
2685,0.0008655567382127072
2686,0.0009121707569030949
2687,0.0009587847755934827
2688,0.0010053987942838705
2689,0.0010520128129742582
2690,0.0010986268316646461
2691,0.0011424940491057073
2692,0.0011799520636316789
2693,0.0012174100781576504
2694,0.0012548680926836222
2695,0.0012923261072095937
2720,0.0040838159812592095
2721,0.004144668218911685
2722,0.004252789082983786
2723,0.004367355668840403
2724,0.004481922254697019
2725,0.0045964888405536355
2726,0.004711055426410252
2727,0.004825622012266869
2728,0.005304747031100029
2729,0.005898995765609856
2730,0.006493244500119682
2731,0.007087493234629508
2732,0.0076817419691393345
2733,0.00827599070364916
2734,0.008913509136270613
2735,0.009569571725225594
2736,0.010225634314180576
2737,0.010881696903135557
2738,0.011537759492090538
2739,0.012193822081045521
2740,0.01264439010922164
2741,0.012979367446959815
2742,0.013314344784697988
2743,0.013649322122436162
2744,0.013984299460174337
2745,0.014319276797912511
2746,0.014612072903022147
2747,0.014865932485705441
2748,0.015119792068388734
2749,0.015373651651072026
2750,0.015627511233755317
2751,0.01588137081643861
2752,0.015892800762745945
2753,0.015619639396785897
2754,0.015346478030825849
2755,0.0150733166648658
2756,0.014800155298905751
2757,0.014526993932945702
2758,0.014264455375218062
2759,0.01402253756288273
2760,0.013780619750547398
2761,0.013538701938212066
2762,0.013296784125876735
2763,0.013054866313541403
2764,0.012797523107178355
2765,0.01250051460188684
2766,0.012203506096595325
2767,0.011906497591303812
2768,0.011609489086012297
2769,0.011312480580720782
2770,0.01100981742326465
2771,0.010677467341944243
2772,0.010345117260623838
2773,0.010012767179303432
2774,0.009680417097983026
2775,0.00934806701666262
2776,0.009040653329031591
2777,0.008957667184605191
2778,0.00887468104017879
2779,0.00879169489575239
2780,0.008708708751325988
2781,0.008625722606899588
2782,0.008542736462473187
2783,0.00852234301715199
2784,0.008503226973853346
2785,0.008484110930554702
2786,0.008464994887256055
2787,0.008445878843957411
2788,0.008426762800658768
2789,0.008277429078862714
2790,0.008116772080675592
2791,0.00795611508248847
2792,0.007795458084301349
2793,0.007634801086114227
2794,0.007474144087927104
2795,0.007397477010960839
2796,0.007341807414299764
2797,0.007286137817638689
2798,0.007230468220977614
2799,0.007174798624316539
2800,0.007119129027655463
2801,0.00696889003765191
2802,0.006785423963501041
2803,0.006601957889350171
2804,0.006418491815199301
2805,0.006235025741048431
2806,0.006051559666897562
2807,0.00589994027814019
2808,0.005767839825591744
2809,0.005635739373043298
2810,0.005503638920494851
2811,0.005371538467946406
2812,0.005239438015397961
2813,0.005062850945760754
2814,0.004851310105553799
2815,0.0046397692653468445
2816,0.0044282284251398905
2817,0.004216687584932936
2818,0.004005146744725982
2819,0.003844263072486481
2820,0.0037340365682144343
2821,0.003623810063942388
2822,0.0035135835596703416
2823,0.003403357055398295
2824,0.0032931305511262484
2825,0.0031269603651972932
2826,0.002869513646038688
2827,0.002612066926880082
2828,0.0023546202077214763
2829,0.00209717348856287
2830,0.0018397267694042648
2831,0.0016483082395736472
2832,0.0015971996120651916
2833,0.0015460909845567365
2834,0.001494982357048281
2835,0.0014438737295398255
2836,0.0013927651020313701
2837,0.001327873011610602
2838,0.0012078470695405194
2839,0.0010878211274704369
2840,0.0009677951854003544
2841,0.0008477692433302719
2842,0.0007277433012601893
2843,0.0005994463100870165
2844,0.00042034144585194994
2845,0.00024123658161688324
2846,6.213171738181669e-05
2847,-0.00011697314685324999
2848,-0.00029607801108831654
2849,-0.00047535871410429295
2850,-0.0006632555173848538
2851,-0.0008511523206654145
2852,-0.001039049123945975
2853,-0.0012269459272265361
2854,-0.0014148427305070968
2855,-0.0016027395337876575
2856,-0.0017473664312463633
2857,-0.0018901904159624935
2858,-0.0020330144006786236
2859,-0.002175838385394754
2860,-0.002318662370110884
2861,-0.0024614863548270147
2862,-0.0022343699529301735
2863,-0.0019367887154880807
2864,-0.001639207478045988
2865,-0.0013416262406038952
2866,-0.0010440450031618024
2867,-0.0007464637657197096
2868,-0.0007024934808970425
2869,-0.0007300544904028483
2870,-0.000757615499908654
2871,-0.0007851765094144596
2872,-0.0008127375189202654
2873,-0.0008402985284260711
2874,-0.0008925991459913985
2875,-0.0009576444101328515
